review_user_id,username
1,Keke Lim
2,ZK zzackry
3,Ben
4,Ahmad Fadzwan
5,Nasrin
6,AMIRRUL “Amirrul Firdaus AR” FAR
7,Mohd Nasir Ujang
8,serra marcella
9,Yunos “YM” Mohamed
10,Roland Sia
11,Lim CY
12,Donald Kana
13,Tommy Garau
14,Sylvester Richie
15,Kelvin Kong
16,Qarliff Pokka
17,Azzuan Jusoh
18,Mohd Jahim
19,Muhamad Abdullah
20,Muhammad Khairul Anwar
21,Nizam Shaharudin
22,Haris Zack
23,Covid 19
24,L L
25,Mohd Rosli Yusof
26,Remie Siah
27,M Sufian
28,mamat johor
29,Viknesvaran Rajoo
30,Sera Rosli
31,PM Silenttells
32,Bunga Orqid
33,Nurmuhammad Syakirin
34,Sufian 003
35,Felix Schwarzenegger
36,Shabariah Ismail
37,Kumaran Supramanian
38,Muhammad Abdullah
39,Ezequiel Andsaler
40,Nik Omar
41,Black Silvery
42,Ag Jamil
43,zuhrin azam ahmad
44,mohd ruslee
45,Naim Abdul Aziz
46,Haris Fadilah
47,wan 9w2wzm
48,Leslie Loo
49,Salahidin Idin
50,Muhamad Azli Hafidz Ismail
51,Zahim VVA
52,hamzah mohamad
53,Viv Vivo
54,Razziq Rayyan
55,Aiza Yunos
56,Badrul Hisham
57,Aiman Ishak
58,Syed Azman
59,Noor Syuhaidah
60,anep omar
61,Faiz Razali
62,Marcyllus T. John
63,Uiyy
64,Joanna Joan Mandie
65,daud mohd
66,Koi pahang Black fury93
67,Datu Azrun (Boboi'Boiii)
68,Rafida Sapok
69,My Space Siti
70,Long Ey
71,mohamad haidin
72,Aidilpon Dekli
73,Yasmin Yusof
74,Francis Jaulit
75,Lll
76,noraliza muhameddin
77,A Google user
78,FIFIE HANIEZAH
79,mikai aizat
80,INNOCENT EMMANUEL PODTUNG
81,Chiol Tausun
82,Jason Joshua
83,Fara Ain
84,Vromm Vromm
85,Sharipah Selehah
86,ROHANI MUSA
87,Sharrizat Sharuddin
88,Ayik Pakyik
89,Mhd Fds
90,arehamidon sitizaleha
91,Chris Tan
92,Mohd Rashid Abdullah
93,Mohamad Hafiz Mohamad Nor
94,amirull8627
95,Sam Jamain
96,Norman Naim
97,Aqil Irfan
98,Yeo Lee Han
99,Adzuan Shamsany Bin Mohd Ismail
100,Nirwana Roseli
101,charles yong
102,Mr Bubulat
103,luqman sakijan
104,pantai timur
105,Naz Hadi
106,Jeremy Remy
107,Mad (Ling)
108,Ma Lek
109,pkdk99
110,Zikwq_ 265
111,Atirah Hadi
112,Fatin Azemi
113,irmanisha ibrahim
114,Adenan Mat Ali
115,Abd Latif Sirim
116,media sya
117,Mong Empire
118,Mohd Israfil
119,Amirr Ambia
120,Syam Otai
121,mohd farid
122,faizal waris
123,Khairi Mohamad
124,Kasmah Daut
125,Zamri Mikhael
126,Shinoda 09
127,Mohammad Noor Ain Wagen
128,Lasakura
129,Norhashimah MdHashim
130,Fareezul Amri
131,muhammad shah rizad bin mohamad fauzi
132,Mat Adli
133,norzailah Z.A.
134,effendy mohamad shah
135,Safuwan Jamaludin
136,liza
137,Kartini Sri Dewi Birkamsin
138,pesa peja
139,Harith's
140,nizam kamikaze
141,Izz Atqa
142,Aiham Cute
143,wong yue lee
144,Mohd Hafiz
145,Abdullah Ali Al Jabar Masood
146,Tg Faizul
147,Zahiruddin Shah
148,Mohd Rezal
149,Hafiza Hamid
150,mohd fariq
151,Amanah MA
152,ryo
153,Noaidawati Embong
154,Nur Sharkilla
155,Muaz Baharudin
156,elizabeth maria soosai
157,Zulkifli Che Sulaiman
158,KONG KAH HON
159,shivram appalasamy
160,Dabrowski Migin
161,tini ali
162,asmur 88
163,Lee Kai Ruon
164,Krel Adam
165,Nia Def
166,ZJepun80
167,guguBird
168,Mc Thavan
169,senseii
170,Muhammad Yusuf
171,Zalina Lambak
172,Zny Roslan
173,mmfirdaus mfm
174,Muhammad Syafiq
175,Sharifah Noorhidayah
176,Misz Wardah Aini
177,Min Joe
178,papai bha
179,WAN MUSTAQIM
180,Sport D
181,Mathews Davidson
182,Muhammad Hizami
183,Rosfarahiza Che mat Amin
184,Jack GAN
185,Sk Shiva
186,razib mohd
187,Mazlina Jamedin
188,Mohd al' apis Mohd Amin
189,Nanthienee Muthuboy
190,Faris Imadi
191,Afizah J
192,Rajeswary Rajeswary
193,Mohd Noor Azman
194,Malar Kandasamy
195,abdullah othman
196,Azwan Radzi
197,Nowa My
198,Hasif Zikry
199,Kevin
200,Roonie Buret
201,Eric Macdowell Lu
202,Zaid Hashim
203,Mohd Nazri Razak
204,Mohd Radzi Yaakub
205,Wan azri Sabaruddin
206,Zariq Zakaria
207,norazizah abdullah
208,Ahmad Shafiq
209,AZ-Zakwanul Faiz bin Zakaria (AZZakwan)
210,Jawa Jelita
211,sabrina zahari
212,zahidmad LONGJON
213,Fadhly Bakry
214,Muhd Hidayat77
215,Kie
216,ddss pchh
217,azmeer ikhsuan
218,Nur Fazini
219,ssw
220,amirul arif ab razak
221,Man Totey Vlog
222,Geoff Loh
223,Chan Mau Wong
224,Khartina Khalid
225,Mazuan Mahamad
226,LG Yap
227,Shan
228,Fadzlina Isa
229,Mr Helmi (hElMiEy)
230,zyda azyan
231,Norsh Aps
232,Memot Meow
233,Wan Azeli Wan Deris
234,Vincent Tan
235,farhan zamli
236,ZA Nitebug
237,فيصل إدهم
238,Mazita Arsat
239,Kalaiselvi Balakrishnan
240,rambli jamali
241,2nd Phenomenal
242,Amran Bin mohd daud
243,RAFEAH DOA
244,MR. EEZS
245,Ammar Hazim
246,Rahimi Jalaluddin
247,Duck
248,hades0606
249,Ismail Adam
250,Hisyam Noordin
251,Thaufiqq_ 00
252,Desven Sim
253,Vic NPapaga
254,Anonymous One
255,bain kamarudin (bain)
256,Michael Chua
257,Muhammad Aliuddin
258,asmaliahbaru Ismail
259,Os Hamid
260,Abdul Aziz
261,Yusof Majid
262,Haikal Hakim
263,Perodua Alza
264,Aravinthan Pitchan
265,Shadd Apekk
266,Hamidah Myaacob
267,Zurin Akmal
268,Azlan Mohamad
269,Naim Zidan
270,Mohd Nazrie Matlin
271,aboy fabregas
272,Isthanny 83
273,norhafiz zakaria
274,Hidayatul Sobri
275,Khairulneza
276,Vivien YanQi
277,Ateq5013
278,Redzuan Rahmat
279,Amir Hazmi Mohd Zuhri
280,Rohaizad Salleh
281,ibrahimfc96
282,Hemiazera Sharizan
283,Mohd Marwan Maro Eum
284,habib hensem
285,NORAZLINI BTE ALAUDIN NORAZLINI
286,Ryatie Rafizan
287,Bang E (OldPilot)
288,fikri ayyub
289,Luqman Hakim
290,Kunta Kinte
291,Childs The grey
292,skwlgk1
293,khairunnisa khamis
294,Muhammad Farid Adam
295,GAN KIONG HO
296,Ezat Chai
297,Nor Athirah Azemi
298,uppa hot
299,george seo
300,Nordin Yunus
301,Mohd Hafiz Sagat
302,Dia Diana
303,seneng manti
304,Faisal
305,nur bunga
306,Gogu Lan
307,Rusniza Dun
308,Endy Baki
309,AZMI RIZWAN
310,Mr Zack Lee
311,Haziq Danial
312,afiq radzi
313,Izwandie Razali
314,shark dragon
315,Langit Cerah
316,It's Me Ezam JCVD
317,fazli khalil
318,Pang Yee Yeong
319,Mohamad Fazli
320,Ryan Giak
321,N F
322,Mama Nabila1
323,mohammad zahid
324,asri abdullah
325,Sham Md
326,Mohamad Zulfaqar
327,faizal mat arifin
328,Fzul E
329,Jayne Jade
330,naufal 88
331,Rozita Zainal Abidin
332,Lee Axon
333,Lumaskyice Farhan
334,Tan Pekcheng
335,Mohd Morris Raden Borris
336,Kah Chiun
337,Syam Hussain
338,AKU
339,Catherin Yansau Ansu
340,Ahmad Fitri
341,Aiman Rizal
342,Syahmi Hakimi
343,Hisam Sharif
344,Salimin Zin
345,Kiko Milo
346,muhammad abidin
347,fauzai liza
348,Nair Sukumaran
349,Geejay Lani
350,R AG R ALI
351,MAT HUSSIN MOHD ZAMRI
352,mohamad shukri
353,Uthaya Kumar
354,Ahmad Khairunee
355,Charlie Lee
356,CHIN YUEN SEN
357,Shanker Vasudevan
358,Chee Meng
359,Raj Tboy
360,lina mas
361,Muhammad Hakim
362,Shamsul Mohamad
363,Mohd Iwan
364,Prncezack 17
365,Faisol Shafie
366,Lai Sook Chien
367,Aidil Azhar
368,David Yap
369,Cr.
370,Ben Ooi
371,Marobbuka MARO
372,Nur Fatehah
373,HangYew Ling
374,Sulaiman Mohd Noor
375,Shah Ril
376,Nahrowi TXR
377,Aim Target
378,Rapini Salim
379,WAT JUAN
380,Mr Nazar
381,Shamsul Rizal
382,sulhi mohd
383,ONG BOON LENG
384,Idwa Idwa
385,msejati 57
386,p_ dausalma
387,Fairus Azizie
388,Layap1004 Peter
389,Hasnan Rambli
390,Hanipah Shahar
391,siput sedut
392,junaidi hassan
393,zham wru
394,SirHenry
395,David Cheong
396,izz jo
397,Mohd Zaime Kamis
398,Kamilah ABDUL RASHID
399,KRP PROPERTIES
400,Adam Rykarl04
401,azalea
402,Mohamad Solahudin
403,Throne Reality
404,arif azraei
405,Radzi Rc
406,arfirza sayidatul abdul rahman
407,Hakim Kim
408,Syarifah Nadzirah
409,hijjas1
410,Dora Yusuf
411,Mizi Farah
412,Thavarajah Tharmarajah
413,Zhan Xiang How
414,MD CR
415,panas hati
416,Khairul Anwarr
417,Pazlan Pasuzi
418,Aaron Fong (韩晓伦)
419,Cel Ver
420,Fathin Alliza Jamal
421,Arifin Nor
422,Nilson Jay
423,Rizal Nordin
424,Mariyana Firman
425,Burung Hantu Studio
426,Arzat txz
427,Mohd Hisam Ismail
428,Bryan Jerome
429,Anuar Muhamad Nor
430,Jeekfer
431,Liyana Sadli
432,Amin Yamin
433,mohd faisal bin rahim Rahim
434,Liang Yp
435,zamalul 9092
436,firdhaus daus
437,Sandra Henry
438,khairul aswhat tajul amar
439,Muhammad Hafiz
440,Amirul Safuan
441,FAZRIL
442,Nurul Hayati
443,roslizawati mohamed zainudin
444,Hasmiza Hasmiza
445,Mohd Saiful Mohd Nadzri
446,Azman Aris
447,ikhram johari
448,john smith
449,Ridhwan Azizi
450,Afif Abd Majid
451,Andy Wong
452,Muhammad Ridwan
453,Wong Chin Ning
454,Akbar Mohduseng
455,Fauzun Azim
456,MUHAMMAD ZIKRI BIN SHAHADAN za
457,Shau Man Leung
458,Harun Murad
459,Madzlan Juhari
460,Abdullah Muhammad
461,Fazli FSW
462,Noor Juliana Ahmad Johari
463,Wan Faizal
464,Wan Sha
465,Intan Izwanee
466,muhammad qasim
467,Ramli Yahya
468,Ezad
469,NURSITI AMINAH
470,Zulwahib Saed
471,Nataliah Sabli
472,Rayner Jeffrine
473,Zulkifli Ahmad
474,Awg Mohd Afiq Afnan
475,Itang Baby
476,ZAMRI HUSAIN
477,Mapo Jengs
478,Mystique Yim
479,Muhammad Salleh Abdul Muhaimin
480,Simon Lee
481,azizi latif
482,Muhammad Amir Adnan
483,ADZHAR ABD. RAHMAN
484,AFANDI ABD GHANI
485,Jamaludin Jantan
486,mydiana07
487,Mat Mie
488,Mohd fitri bin Mohd non
489,Mad Ninja90
490,haqimi misran
491,william selimot santi
492,Faiz Khasni
493,Zahrul Affendi Abd Jalil
494,Shazrin Nina Shaharudin
495,Saifuzzaman
496,NORHERLIANA
497,Muhammad Afif Mohd Amin
498,Li Yam Low
499,Najmi Shafee
500,Dominic R
501,Aboll Hassan55
502,papa karl
503,hakimin hashim
504,Hilmi Niaga
505,Andrew Jordan
506,Salam Jannat
507,maellee maellee
508,Mahamzi Mahadi
509,Aizuu Media
510,Hadi RWTP
511,franneth Travol
512,Mimi Shamimi
513,amierulizhar roslan
514,Vijayaraj a/l Vellasamy Raj
515,Cyber man 15
516,Aldwin Adonis
517,SF
518,Calista Misah Marthen
519,David Liew
520,MUHAMAD FAIZLEE
521,Hidayat Sohif
522,Shazrul Jeman
523,Amran Khuzaimi
524,drealar
525,Phoenix Biru
526,Wai Wai
527,Ridzwan Idris
528,Hasan Mustafa
529,adriana zailan
530,Tonny Andika
531,Edy Baik
532,FEDLY ABD.
533,Angela B
534,Airin Edelyn
535,Carmen Tan
536,khaizhen Zulu
537,YongKad Ng
538,Muhammad Hidayat
539,Tiang Kayu
540,Adu Dayang
541,enerson Agan
542,妮阿（佳）
543,Ilyas Suhaili
544,Alan Avila
545,ABE NIK
546,Emily Ramon
547,A V
548,Hafiz Hashim
549,Nizam Loki
550,Norjati Binti Mahmood
551,Mohd Zaini
552,Shah Ley
553,syahrul nizam97
554,Nur Hafizah
555,Irliana Aifaa
556,Am Am
557,Adib Iskandar Johari
558,Norhaida Ahmad
559,Evann Yong
560,Mohd Sukur bin (Syamsul bahar)
561,Amir Asyraf
562,Ismail Aming
563,Kirito Kun
564,Gbert Sex2026
565,Heinz Hayes
566,Fadilah Roslan
567,Lu Soe
568,xyychw
569,Ying
570,Noraina Noraina
571,BBA 3I
572,Nicole Jacqueryn
573,BEE 59
574,Nur syafika
575,Celpalos 27
576,Nor Azielawatie Azira
577,John Taurus
578,Nameless
579,Sasitharen Sangkar
580,Johan Daniel
581,Mohd Fadzli Abdullah
582,Jason Wong
583,Joel Ng
584,Arise Saran
585,Dayang Aisyah
586,Zaid Harissah bin Mohd Rozaidi
587,Dondo Cobain
588,Muhammad Izz
589,Hafizzul Azam
590,TabbyRyo
591,Haezll
592,syazani aiman
593,Eryka Krisha
594,Khind White
595,Ramping Sigat
596,Zulkifli Abdul Jamil
597,shaef sha
598,Puvanes Puvanes
599,Nursuhada Hassahadi
600,Ray Channel
601,Mohd Shafeie Hashim
602,suthanta rao
603,Robss Ding
604,Rei Husairi
605,Olivya Kumbau
606,Azleen kasmini Mohd Tahir
607,Tay C
608,Bens Ryan
609,Muhammad Aris Hafiezi Bin Mohamad Asri Asri
610,robert kuppan rajamanickam
611,Siti Zulaikha
612,Hadibah Hisham
613,Clifford Jones
614,Asyraf Azhan
615,Raja muzaffar Raja bahrin
616,Eden C
617,muhammad ekmal
618,nur light
619,Anis Thuraya
620,Lee Rasta
621,irfan ibnu
622,Puwat Ze
623,Khairul Kasmiri
624,Siti Hadijah
625,MM MD Akash Hossen
626,MZ RTV222 (TIGER BOB22)
627,Lim Wai Chung
628,Razman Mustafa
629,Mohamad Ariffin
630,eric low
631,Muhammad Fuzairi
632,Norliza Sulakoi
633,Something Baba
634,Deven Deven
635,Sean Li
636,ahmad arizuan
637,Lok
638,Helium
639,Ohm Min
640,Mohd Azam
641,Mark M.
642,Jazzy Azahari
643,SoDa gaming
644,Danish Nick
645,Alices K.
646,Manboy Manmanboy
647,JULIANAH NORDIN
648,Albert Lahang
649,Zal
650,yahya boa
651,akmal aiman
652,Sla Fun
653,Min Htwe Aung
654,Farah Atiqah Jaafar
655,SANTHINI NAIDU THEVADASS
656,Sean Pang
657,Duithunter 200
658,MUN HOO Wong
659,Brendon Ryan
660,Muhammad hunain Shah
661,hellmyz myzan
662,Borhaniza Ling (Hanz88)
663,Carl Wangi
664,Wan Azani
665,nur hidayah nizam
666,Azri91
667,Hui byn
668,DotArena Lucy
669,Angah Ahmad
670,izz jixx
671,Kieran Hope Henry
672,Prosonjid Raj bongshee
673,marlyn kimon
674,Azizie Razak II
675,Gunasegaran THIYAGARAJAN
676,Nur Qamarina Zakariah
677,Nur Miza
678,Sathiya Krishnan
679,OHKATAK KATAK
680,Hanif Mustafa
681,Ahmad Syawdi
682,L.S L.S
683,Azimie miey
684,norizat sairon
685,YaminiYamini YaminiYamini
686,Rolex SB
687,Elly Shaa
688,NUR MUNIRAH ABD AZIZ
689,Norman anak Clarence Nayud (normancn83)
690,ijaz khan
691,Arthur Kong
692,Jana Suzana
693,Najib 1993
694,Selina Chin
695,Baddoggi
696,JANIFAH JANIKIL
697,Honggo Tadon
698,Azna Quinn
699,ezzat rahman
700,Wanz Z1
701,Kambing Gurun
702,Firdauz San
703,GHOST
704,Ilham
705,Saputra
706,Favian Michael
707,Amir Farhan
708,Bony Nyalu
709,ahmad zaki mat saad
710,Zul Kifli
711,syed offical channel
712,WellPlayed Gameplay
713,ALLAN WOODWORTH
714,Tester Jem
715,Aurelius Dylan
716,Haiza Md Yusof
717,Felix Liew
718,Raisah Wailih
719,Mnm Cher
720,wahida abu bakar
721,Michael Wave
722,maeloned
723,Saiful Kiemin
724,Zion Fanz
725,Jan Bromo3
726,James Dean
727,JeffryHero
728,Michael Bong
729,glynn ivana
730,Nadhira Tamizi
731,Rais Content
732,Siti Noorafizah
733,Phyo Aung မေလ႐ွား
734,Abu Bakar Ismail
735,Suee Sue
736,Sitti Hajar
737,Mohammad farhad
738,Rausyan
739,azwie nordin
740,Kingsley Victor
741,Shamsul Amri
742,Nasz Hanafie
743,Sumbat
744,Fiqri Zuhairi
745,Mohammad Shafiee
746,frank
747,sol origami
748,Lawrance 18
749,zamri shamsudin
750,Mrfamedz
751,haraaz zafriey
752,datimah
753,Neilson Peter
754,MOHANDAS DAS
755,JL
756,Tian Hann Ng
757,Muhamm 88
758,azri yusoff
759,n hidayah
760,Douglas Duncan
761,Helsy Matiun
762,Riz Sabri
763,Azron Nizam
764,Tarmidzi Norzaman
765,Shaharizan Shahrudin
766,Muhammad Amierul Mazlan
767,Devi Sathiya
768,Win Win
769,david lukaku
770,Cucu Tok The Box2
771,amirul amin
772,Sabrie Sarudin
773,MAT kamarul Oot
774,wanshukor wanyusoff
775,tsuzuka yamada
776,Chan Peter
777,Nohackinginthisaccount!
778,Wan Azri Wan Hamid
779,Mohd Fazley Ajik
780,Jack Kyndra Jimmer
781,PBE TShirtGifts
782,syimir sabri
783,Daniel chin10
784,Al Marshall
785,james Last
786,Amai minta
787,Muhammad Salim
788,Velenth Raj
789,suraya
790,Faik hasyim Hansyim
791,nurul shuhada mo'min
792,Hunter 866
793,Nur FatinAtiqah
794,syaamil rusli
795,Xinly Kong
796,Rozmah Teh (wan ahmad syafiq cl balok)
797,Noob Tier
798,Phua Kh
799,Mr Sam Trade
800,zue haniff
801,Ahmad Adel
802,Raven Lee
803,sureen raj
804,Fiq Syafiq
805,Jason Loh
806,Mohamad Amirul Niezam
807,M SulaimannbinR
808,Fatin Nabila
809,Arabellcia
810,Goh Ying Ngiap
811,asa kurayo
812,KyawKyaw Lwin
813,Koutaro Hiro
814,zul fahmi
815,Bryanlent Elbi
816,Miraee Nurul
817,Hadapi Rahmat
818,Incunggg
819,Mr Miji
820,laila devy
821,Ma Tet khiong
822,Benz Will
823,Benzzie Benz
824,Monica Chee
825,idiøt
826,Jalaluddin Mohamed Ismail
827,Paran Tipung
828,NORLIZAH ABDUL HAM
829,Raymi Redzuan
830,ALEXANDER STARK
831,Amirul Ahmad
832,Anis Shukor90
833,Aiman the Great
834,ALI Anwar
835,NAIRYNA NASREEN
836,Miss Naddy
837,HJ
838,sulaiman ugop
839,zamry zachary
840,Patricialyna Jimbun
841,amirrul abd salam
842,chinni intim
843,Xiang Əng
844,Crisnie Ong
845,Shaz Nazz
846,FRESSDY ROLAND
847,Haiqal Hafiz
848,Timothy Gamboge
849,Shafiq Aziz
850,Syamsa Putri Abd Kadir
851,Natasiah Wong (Salieri)
852,asya d
853,Hundre Plus
854,lilacpillow
855,Amon
856,Fred Allen
857,SYAHID SUHAIMI
858,Maarof Bakri
859,Shinji
860,Yasaka Kunou
861,AbangLong Sadil
862,Senja Merah_360
863,Cek Onet
864,About ME
865,Aaron Suresh Fernandez
866,Alexaalvin Michael
867,Adeq Guntur
868,MUHAMMAD ADZRIE
869,Mastar Milon
870,Azir Abdul Aziz (Wak Ajey)
871,David Lau
872,Firdaus Sulaiman
873,Zulhilmi Syazwan Mohamad
874,iman asyraaf
875,Bella Muhammad
876,Noraini Jakri
877,Mohamad Rizal
878,MOHD. KHARI MOHD. ISA
879,Puteri Megawati
880,Marsyal
881,Velentino mc Davies yong
882,Aerial Dronze (Flugzeugwerke)
883,kids love 2
884,nur zawani
885,Rokiful Islam
886,Leon 89
887,Feby Abady
888,Haizum75
889,Mr JoeIsha
890,Taufik Roslan
891,Syaifuddin Ahmad
892,Mohamad Khairul Nizam
893,Fajar Fahrul
894,銘记
895,Nelson Lo Zhen Yu
896,Lydia R
897,Mohd Hafiz Ramly
898,Gbert wy
899,Keyboard Warrior
900,Hadirlahkasih_ 91
901,Bulet Ansari
902,Azir Abdul Aziz
903,Khalid Long
904,Muhammad Nazmi2112
905,Jomo Sama
906,10puluh 7
907,Ufa Kamal
908,Natasahsariwati Walli
909,Shanizam Nizam
910,Tan Ee Hong Tan
911,Yusnizam Mohd yusoff
912,Moon Packer
913,Anthony Rahman
914,Wanshukor Wanyusoff
915,Noah
916,Jobair Khan
917,Jaliah
918,MOHD ZULHILMI MOHAMAD KAMARUDIN
919,Rynn TYJ
920,Cyea Adiq
921,Nithiya Nithi
922,Yeoh Yeoh 4838
923,Evander Backy
924,rajgopal raj982
925,Papa Bulatz
926,JAN'JAWA
927,Hairiel Hakimi
928,User
929,Shahrulnizam Roslan
930,Athirah batrisyia
931,Nemo Kacak
932,Firazs Rizq
933,Nur Julina Mohamad Nor
934,ARIYAN SARKER
935,Najib Sophian
936,Matnor Bin Ismail
937,Ali Soffi
938,Boy Key
939,Irene Rin
940,Henry Justiatut
941,Far East
942,Siti Norhasrizah
943,AZIZOON BIN ZAHARI (Theodoregore)
944,Rahayu Ayu
945,Valentine Roger
946,Aufa Hamiza
947,Kayfee T.
948,SHIELA YEE LEE SIA
949,Ijan Ijan
950,Mat Ali
951,Abdul Aziz Hasbi
952,Badrul Nizam Ismail
953,Khimz RK
954,Nic Cariaga
955,Haslina Wan
956,Zainal Naleyma
957,Fatimah Fatimah
958,Azli Osman
959,dandelion
960,Durin Thiran
961,Norazehar Yaacob
962,Siti Hajar Ibrahim
963,Harry Alexsius
964,Syed Azri
965,Fazrin Riz
966,Suyyad Ahmed
967,Tengku Aliff
968,Ain Cuin
969,Fabian Richard Ellai
970,Miss Neyra
971,Siow Sian Chuan
972,Regan Hung
973,Oppoa38
974,Munir Cryptical
975,Eric Eldridge
976,Shah TVB
977,Ka Mal
978,Lisa Ebno
979,asyrotun nisa
980,Roslan
981,Said Imran
982,Shahidan Saripudin (Pak Dan)
983,harith hussein
984,Frank CS
985,Kk Pak (kk PAK)
986,Reyes Gonzalez
987,Cikgu Afi
988,Ky Kong
989,Burapha Canthawisin
990,Che Mohd Hasdi Che Harun
991,Allif Firdausi
992,Jade Chavez
993,azfar majeed
994,siti hajar
995,MOHAMAD FAIZ
996,Khairul Anwar
997,nieyyy
998,Marvin Heng
999,Marcos Publis (Veleyam Montrose)
1000,Vincent Chew
1001,Ilham Hamzah
1002,Dyg Ain
1003,Vincent Lee Chee Hoh
1004,Regina Zena
1005,Iyke Alex
1006,Asih Dini
1007,tommy bryan
1008,shah rezza
1009,NIVΚΓΔ
1010,Sizka Beauty Creations
1011,Melvin MelvinOng
1012,Hao Han
1013,Javier Ruiz Jiménez
1014,ARTK
1015,Oranges Tan
1016,Tok Puteh
1017,MOE heinkhant& RAVI
1018,Deep Kahlon
1019,Abc 123
1020,harith cheong
1021,Glenn Nickels
1022,RHA entertainment
1023,nataniel dass
1024,Alven Lee
1025,nasrah erma
1026,Lau Ho Nam
1027,D. KID
1028,Zaiton Archat
1029,WeiMing Wong
1030,Rattaphon Pillaprom
1031,Summar alQadri
1032,Sweet Rose P Reyes
1033,Spicy Takohasi_
1034,Abang Dann M.
1035,Muhammad Taufik Saapuan (EncikTaufik)
1036,Jack Rbt
1037,ku aris
1038,Raden Mas
1039,m Hasyiem
1040,Delphinium
1041,Corazon Celestial
1042,Apitminching Apitminching
1043,suhaili aziz
1044,Paulyn Jais
1045,Zheng How Chung
1046,alysa hana
1047,QFグラス
1048,Taka CHan
1049,Kokhong Tan
1050,Henry chinonso
1051,Rosmida Saibi
1052,NH NH
1053,Ram Ismail
1054,Dande James Laju
1055,Rashid Hassan
1056,Papa Bear
1057,sarimah samad
1058,Azinuddin Azizul Azuan
1059,Noor Hafiz
1060,Mariayati Ibrahim
1061,kawada tatsumi
1062,Mammedov Feqan
1063,eve c
1064,Di Fung Chin
1065,YU ZHEN SOH
1066,THOMAS LAM
1067,Abdul Rashid Mohd Noor
1068,Hamdan Mushoddiq
1069,Jatupon Rattanapanop
1070,Chu T.h
1071,Muhammad Fairuz Zainol
1072,Clare Puyang
1073,azman mohd salleh
1074,Mizi Kyle
1075,Emmad Umer
1076,Chitra Gunaseelan
1077,Kenneth C
1078,Farah Rusydaan
1079,Azrul Esa
1080,elfi pitchay
1081,Lilly Suryani
1082,เฮียนท
1083,Mh A
1084,Firdaus Puat
1085,Benedict Tan
1086,Miqdad 1402
1087,CHAN Fong
1088,Bryan Ng
1089,Mhd Ermxn Imxm Txuhid
1090,Alexander Mukhidinov
1091,Nonny Majangking
1092,Priscilla Kam
1093,Andek JI
1094,Steven
1095,Delima Wangi
1096,Ayn Fanzi
1097,Jaya Dharsini
1098,RAVIKUMAR NAGARAJAN
1099,Mahindar
1100,cattleya
1101,Sue Lyn W
1102,Nurhan Sufri
1103,MOHD ASRUL AHMAD
1104,Truly Asia Truly Asia
1105,Yoongs26
1106,Shahnaz Yusof
1107,Vivian Teh (vivian)
1108,oppoA5
1109,Mr Jimmy
1110,Mohd shafie bin lamuhadi
1111,Alessio Cherry
1112,Abdul Razak Manakadavath Moidunny
1113,Admiral Cruise
1114,Eryz Dron
1115,Luren Gu
1116,Harith Suffi
1117,。。
1118,Zavosh Azarpira
1119,Daemier Johnek
1120,Loyzai Jones
1121,MOHD SUHAILI AB RAHMAN
1122,nal onalz
1123,fairuz tahir
1124,ᴘᴀʀᴀᴅᴏx
1125,Isabel Tan
1126,Mayday M
1127,afsyfi
1128,alireza panahi
1129,Peter Nais
1130,Yohana Keban11
1131,Thang Soo
1132,T J
1133,Joy Overflow 2021
1134,faisal mohamed
1135,Keith Choo
1136,Positive Pulse
1137,Burhan Gemink
1138,Alzam Haziq
1139,Dragstar Fx
1140,Khair Ahmad
1141,Mohammed
1142,Jason Jason
1143,Aniq
1144,Mel KB
1145,Rukshan De Silva
1146,Florinda David
1147,tony lau
1148,Dee Suwanmani
1149,Cristy thy
1150,Clarence Goh
1151,Amin Caca11
1152,Nadhir Nazree
1153,Sharif Abdul Rahman
1154,Malvin Julius
1155,BAHICHAM Vlogs
1156,man rawa
1157,Sha Rienaz
1158,Sem Alex Lau
1159,Wahyu Yuyu
1160,Mohd-H
1161,Mohd Kamarulehsan Mohd Aminuddin
1162,King
1163,syahmi skyet
1164,Qaiser Jani
1165,Dayang Eira
1166,JULAIN ONG
1167,Darren 555 Low
1168,Lipie mohd
1169,Adrine Jumin
1170,Chris Jarvis
1171,Lawrance
1172,Chullen Mn
1173,Mohd Khairol Kamil
1174,naga merah
1175,æ shiho
1176,"Greg Hall, Christian"
1177,Hussen Alarean
1178,Zoehl Tsen
1179,Geofrey Selvester
1180,idham ruslan
1181,Ahmed Ghaith
1182,Mas Light
1183,A. A.
1184,Umair Wong UM
1185,Ayishhh
1186,czh vl
1187,Char (No 80)
1188,Max Storm
1189,mattt jer632
1190,Sammy Young
1191,Tan Tan
1192,Farah
1193,chek mart
1194,Cheng K
1195,DAYRA
1196,Mohammad Zekrie
1197,Amir firdaus Othman
1198,spectrum technology
1199,Huda Adlina
1200,Chua Wee Lee
1201,Abeoji Care87
1202,Nawa Ponyiam
1203,Shahrul Yusoff
1204,Muhammad Firdaus
1205,Nordin Kadir
1206,ardiwas gaming
1207,Mr Ash
1208,Joshua Agbetsi
1209,peter tang
1210,صدقي الصادق
1211,Anne Aziz
1212,Catherine Nuek
1213,James Lau
1214,Jack Frost
1215,IZZUDDIN KAMIL
1216,Badrul Spawi
1217,Lestary Orkid
1218,nooraina aina
1219,Nasri Ahmad
1220,Yeanz Xone
1221,scamboy john
1222,Blue Berry
1223,Nazran Yazid
1224,AFIF HAFIZIN BIN HAMZAH
1225,Abell
1226,MJ Hessami
1227,Azuin Daud
1228,Jason JZ
1229,eles solution
1230,Muhammad Haziq Najmuddin Bin Azman
1231,mzaidirfan _
1232,mohd yusof mohd zulkafaly
1233,alwyn dominique
1234,Glina P
1235,Norz Yaty
1236,Rodney Petrus balandong
1237,Edwin Yuen
1238,Mashkur Muhamad
1239,Sandy Chot
1240,Mei Saloma Ali
1241,Russell Adrizzal
1242,Stephany Cunanan
1243,Poter Leyme
1244,louise ngu
1245,Natasha Assan
1246,NALAN NALAN
1247,Khalifa Waleed
1248,Ummu Yaaser
1249,Ronnie Chia
1250,oranges Apple
1251,Azahar Rosli
1252,SAM SEN
1253,david lee
1254,Ah Yent
1255,Pooh Jennva
1256,Amin Salleh
1257,Wong K.L.
1258,Emirul Izma
1259,Amjad Ali
1260,Amir Jee
1261,heine satoru
1262,Aza Rosli
1263,dehyakz 97
1264,Zahairi Ramlee
1265,Mard Tupa
1266,Junica Elea
1267,Alif Global
1268,Kane Ng
1269,siti taqinah tahir
1270,Lina Bakar
1271,Mark David James Ruby Joiwin
1272,Md saiful Islam
1273,Carlos Lima
1274,albion simon
1275,Noor Hafisza Razali
1276,Vivi Ellyssa
1277,Nezander Nebim
1278,Cedric Vincent
1279,Clon Trixs (WoT)
1280,Shahmeer Mariappan
1281,Siew HaoYang
1282,Mohamad Ikhsan
1283,Nasir Shimano
1284,Faris Hafiz
1285,Lorimar Nepomuceno
1286,Zulfahimi Rashid
1287,C.c
1288,Kaveh Khosravi
1289,Yosoho
1290,kaydren Ren
1291,MOHD LAHIL LAKUDDIN
1292,Patties 911
1293,Sabin Shigu
1294,Zaeema Shabir
1295,alif komeri
1296,Syahmi Jamaluddin
1297,Dzheia Salleha
1298,berket feyissa
1299,iz suhaimie
1300,Abinet Abebe
1301,Deen
1302,Dylan Ismail
1303,Ab H T
1304,Muhd Taufiq
1305,Clark Paul Tabasa
1306,Chien Sung
1307,Jack son
1308,Zul Hamizan
1309,Masyita Nahad
1310,AHMAD NAZRI
1311,T C
1312,Siva Kumar
1313,Muhammad Amirul
1314,Jasper Seng Yip
1315,Muhammad Sofi
1316,Brandon Teo
1317,MOHAMMAD FAIZ HAIZAT
1318,Dyah Dhan
1319,Adison Moses
1320,Fina Ariff
1321,Adison Pedia
1322,Barn Camonthanakun (TheTatahThailand)
1323,Kazukagi Studio
1324,Nur _
1325,Zarith Hakimi
1326,sharon albert
1327,Florence vina
1328,Khan Asif
1329,Hairomi Seli
1330,Petrus
1331,Nor Azar
1332,Kevin Tiong
1333,Paul Teo
1334,Natasya Azman
1335,Steven King
1336,Kenny Tee
1337,azm ism
1338,Diana Teh
1339,Nayeem Abdullah
1340,Zubair Waheed
1341,Jian Chi
1342,lil 117 (mohdkholielullah)
1343,Amirul Hakim MS
1344,KLim J
1345,Asyraf Nabil Izzuddin Daud
1346,stacey 2fong
1347,zakir Zainodin
1348,ppksgbesar ppk001
1349,A Feeling
1350,Norisma Norma
1351,YAN QI LIM
1352,Arash Flash
1353,Ari Will
1354,Wan syamimi
1355,Russ Iskandar
1356,Noor Aisyah
1357,Mohd Khaizul Mohd Nor
1358,Pui Kee Leong
1359,Nics Sonics
1360,Shimm Ahmad
1361,z h
1362,Hwei Hong Chen
1363,Abd Rahman
1364,MUHAMMAD ANAS BIN AZIZ
1365,Libra Lai
1366,AJIKK Z
1367,noor hafizah zainudin
1368,A L
1369,Bibi Chan
1370,Hafiza 796
1371,Hairul Kujai
1372,raaof razki
1373,faris iskandar
1374,azira
1375,M.NurShafiq
1376,Mohd Syazwan
1377,William Ooi
1378,Muhd Khairol
1379,fareed aidid
1380,Ken Chew
1381,Solidbom Bibi
1382,Sun Jeen Ling
1383,Muhd Syahiran
1384,Ned Anson
1385,My akaun
1386,Bebeto Alex Alex sinan
1387,Hafis Lazim
1388,shahrul nizam azwa
1389,A. Shazlan Kamarudin (Alan)
1390,Maggi Kari
1391,Sapiah Sahar
1392,King Grab
1393,joe kazuya
1394,Nando
1395,MUHAMMAD AZRUL AFIQ BIN AZMAN
1396,fawllex
1397,Rushdan Rashid
1398,Ooi Leon
1399,Kaiser Lu
1400,Romeo Budak jahat
1401,Akif
1402,HARRAZ DESA
1403,Jeffrey Mak
1404,izzat sufian
1405,Kaya Lum
1406,Azril Adham
1407,Muhammad Faeiz
1408,Xing Yuan Lim (XY Lim)
1409,Ivan
1410,IceLatt3
1411,popcorns
1412,Cornelius Woei
1413,Allan Clement
1414,Jiunn Ming Poh
1415,Karlson Low
1416,Ycy Ycy
1417,Skyler
1418,Sango Malsa
1419,Craig Fam
1420,Esmond Chen
1421,Kuntul Anjing
1422,Kris Ho
1423,Sohaib Hakimi
1424,Dayah
1425,Brian Wong
1426,Jc93
1427,E. C.
1428,Marcus Chang
1429,raylen len
1430,Syazwan Mohd
1431,faroyzer fabian
1432,Gregory Sung
1433,Emirelda Leziah
1434,AMRY DAIMIN
1435,Nina Danial
1436,James Ling
1437,KennyW
1438,Darell Emmanuelle
1439,kok 2666
1440,Al96 Gaming
1441,kancil putih
1442,mohamad khairul
1443,Muhamad Naim Abdul Khalif
1444,ZiYun Chow
1445,Why?
1446,Chong Siat Jin (Margarette Glenn)
1447,Abdul Rahman
1448,AlFiAn PiAn
1449,Frank
1450,Flash Point
1451,Tan kwang hong (KwangHong)
1452,Jangan siakan Masa depan
1453,Steven Chia
1454,C N
1455,Darrell Loh
1456,LaoNiao老鸟
1457,woon kiat Tan
1458,Tony CM Goh
1459,V L
1460,othman yussof
1461,Haizer Co
1462,Cheng Vui Ket
1463,farid Irfan
1464,Freddy Alexander
1465,FOO KOK KWANG
1466,Nezuko Kamado
1467,Tartarus Abyss
1468,Liukh 0203
1469,Jerry Mawan Lading
1470,Kenneth Lee
1471,Tham Connie
1472,Lionel Messi
1473,Khan Farid
1474,Shu Ling
1475,leo Ant
1476,Juvy Lambo
1477,sarah yaseer
1478,Robin Lim (Krob)
1479,Desmond Lim
1480,nidal taja
1481,aren
1482,Irfan Amri
1483,lawrence boy
1484,POKO YOKO
1485,NATALIA RUSKY
1486,Natalie Elly
1487,Poppy Peppito
1488,Puteri Afiya
1489,MUHAMMAD THAQIF WAFIY
1490,Aberu Shin
1491,Camera 2
1492,Add Plus
1493,Muhammad Zharfan
1494,Kuan
1495,Daniel Suhaimi
1496,Daniel Ang
1497,Wans Bella
1498,old man
1499,Adney Juto
1500,Ram Dhami
1501,mohd shazne
1502,Rose Thug
1503,Md Zainudin Zulkafli (Din)
1504,EXXON MODERN HOME INTERNATIONAL SDN BHD
1505,maf feaa
1506,Rifal Nirvahan Umri
1507,Eyka Ghazali
1508,alia
1509,Imjenny 021
1510,Din 77
1511,Mike F
1512,Nur Izzati iwani
1513,hafizul azmy
1514,Aniq Farhan
1515,Faith Omonisi
1516,Aneesa Dayana
1517,Kok Sang
1518,Normal Eric
1519,Yigin03
1520,Khadija Ali
1521,Lesedi Charlotte Gaobatlelwe
1522,afiqah k
1523,Loy Loy
1524,Fauzan Syauqi
1525,Esphan Tynee
1526,Bri Aurora
1527,Raudhah Balqistina
1528,Oseni Yemi
1529,M Faiz Che Yaacob
1530,Syafiqah Makhtar
1531,King Sakuya
1532,kholidan buhari
1533,isma zulaika
1534,zhariff zikry
1535,Rusnah Ramli
1536,Allien John Patentes
1537,Nandini Thapa
1538,Foysal Mojumder
1539,Tarinia Swaminathan
1540,Nurul Afizatul
1541,alya madihah
1542,SMG Brothers
1543,Mohd Nor Aid Jemain
1544,zyla latiff
1545,Chuah Hock Leong
1546,Danial Ariffin
1547,Cheng Xiao
1548,Vijay
1549,Akmal Akif
1550,Alex SP (Alex)
1551,C Swagz
1552,Mohd AmiroolFidzee Mohd Faudzi
1553,Andy Augustine
1554,Clare Paul
1555,MUHAMAD AFIQ BIN ABDUL RAHMAN
1556,Damia Aamira
1557,Izzuwan Fahmi
1558,Mohd Rasidi Miki
1559,Ain Nisriinaa
1560,Hillary Karl
1561,Abdull Rahman Adnan
1562,azul zin
1563,Mohd Shamsudin
1564,Mad Shamrin
1565,Flora Azzalea
1566,Honneyy Bunnyy
1567,csm Pro
1568,Flozz Xia
1569,Laavanya Ganga Tharan
1570,Zain Othman
1571,Wan Adam
1572,Muhamad Ikhmal Hijaz Bin Zulkefli
1573,Tsu
1574,Aten Klopp
1575,哈飞士
1576,Are Peace (94)
1577,Hashimoto Akira
1578,ALIFF HUZAIFAH
1579,Isma Alam
1580,Hanif Nurhussin
1581,Syarifah Radzi
1582,Mohd Hamim
1583,Shaun_Wcoach
1584,Mohammad Shoaib
1585,Suresh Megala
1586,Agnes Julie
1587,mohd saifulddin mohamad daham
1588,Wea Mohd
1589,Mohd Fairus Hashim
1590,kamarol ahmad
1591,along miza
1592,Aisyah Zahra
1593,Normaulida Anis Candra
1594,ariffin suharmi
1595,Fae 05 (Faez050109)
1596,Mohd Arif Asyraaf
1597,joker4896
1598,Nizan Salleh
1599,Jor El
1600,Mohammad naif Miondas
1601,Jhudie Despacio
1602,Redzuan Suhairi
1603,Muhammad Irfan
1604,Ahmad Firdaus
1605,Harini
1606,F
1607,Zealous Zatty
1608,Solvent Oon
1609,Remya Alex
1610,MUHAMMAD IKBAL HAMDI Bin Rosli
1611,NangThanThan Sein
1612,IntelectualSynZ-BrooDecipheR
1613,Aina Najwa
1614,ckthana muthoo
1615,Max Steven
1616,nureen zahra
1617,Angela Ela
1618,Nurhidayah Dzukifli
1619,Amir Farbod
1620,Norshuhada Aisyah
1621,muhd nor
1622,Jona A. Concepcion
1623,Pseudo AH
1624,adriana zolkepli
1625,Atiqah Abdullah
1626,Sisilia Marsheila
1627,Noor Hadi Ismail
1628,Mohd Zulkafli Mohd Ali
1629,Mohd Qayyum
1630,shaa Nia
1631,Mohamad Hairun Haziq Bin Meskam
1632,Iswandi Mat
1633,Curseo curseo
1634,Abdul Rahman Said Sultan
1635,Sridarsine Jeyaseelan
1636,Fachri Fawwaz
1637,Julhassan Paruk
1638,Clara Nasyla
1639,deadrider harley
1640,Shabil Aiman
1641,Puteri Sarah
1642,zul haikal
1643,sara
1644,Saravanan Umar Bin Abdullah Umar Bin Abdullah
1645,Nisa Syafiqah
1646,Anna
1647,Auni Syazelin
1648,Aisyah Isya
1649,Afiqah Husna
1650,Norc farzi
1651,Kimberly Ruran
1652,Sabariah Amin
1653,nur ain
1654,masum ahmed
1655,Nur syaqirah
1656,Siti Umaira
1657,Anati Nadia
1658,Lailatul Zamzam
1659,Nik nor Najihah
1660,Aw Yeong
1661,Rose Adara
1662,Beatrice Hong
1663,NAJWA TALIB
1664,Aziz Md Dan
1665,Liza Mofti
1666,Katelyn Schutte
1667,AHMAD SHAMIL
1668,PENCURI HANTU
1669,P Pal
1670,ItzKimy
1671,jacinta valenz
1672,siti nurhaziqah
1673,Noraznizah Brahim
1674,Prema Nadarajan
1675,aina elrina
1676,Paul Yathesh
1677,aisy
1678,Azizul Azri
1679,Al Lissa
1680,Mohamad
1681,asyikin ikin
1682,JB7884GB2 Red
1683,floorless dude
1684,Mark Rīos
1685,Yeo Eng Nam
1686,Hayashi Shirou
1687,syahmi aiman
1688,ChiekYeenz azs
1689,Qilah Aziz
1690,Faizal S
1691,Syakira Othman
1692,Rohani Redzwa
1693,Elinen Parker
1694,Yyg
1695,Kim Hyana
1696,Syafiqah Zamri
1697,Fairuz
1698,nuryadawiyyah Mohd nizam
1699,Anuar Safian
1700,Gan Chun Hue
1701,Blues Achai Channel
1702,Muhd Arieff
1703,Isyaa
1704,Meimei Lee
1705,Aiman Shafiq
1706,Fzn
1707,Sinzpk Pk
1708,Xybca 2233
1709,Selvi Raman
1710,Jeffery Mangul
1711,Eswari Sekar
1712,Krishna Warma
1713,NURFATEHAH
1714,Hawwa Najihah Nordin
1715,Safiera Isa
1716,Ajees Gani
1717,Payal Jain
1718,Elaine Telus
1719,NFL KZ
1720,amer wanie
1721,Ab zahid Sulaiman
1722,Md shipon Hassan
1723,Azy Azuman
1724,Hairul Izham
1725,Shabil Sabri
1726,এম বি চ্যালেন
1727,azah azura
1728,New
1729,lukhman ismail
1730,Al Hafiz
1731,Vinnothini Makendra Vijaya Barathi
1732,Nur ain azuwa Binti rabu
1733,Erika Enot
1734,Tgrem Diana
1735,Just a Guy
1736,Alan Ling
1737,shan shan
1738,Syahrul 93
1739,Alamgir hossen
1740,Salbiah Idris
1741,Zahid Hasan
1742,Vanessa Kaili
1743,Nur Alea
1744,Kaliq
1745,Silent Junior
1746,Lim Benny
1747,Josephine
1748,Rosli Rosli
1749,fateen nazzla
1750,Anis Syahiirah
1751,Azryl Hafiz
1752,zyraaa
1753,aisya sofea
1754,Ezram Danish
1755,Ahmad Idham
1756,Mg2994
1757,miss Eyn
1758,Wan Iz TV
1759,Shahzani Hamzah
1760,S`safiah
1761,Ms Scha
1762,Ilyana
1763,Epol Mijan
1764,Syahril Sham
1765,Hanis Nabilah
1766,Nor Shakinah Shakinah
1767,Ejat Apit
1768,Amir Danish
1769,Miki Siaw
1770,Shalini Balu
1771,abd sani
1772,Fira Ctam
1773,nazatul hanim
1774,Jom gelakk
1775,yungnam c
1776,Arvinth Joker
1777,Michael Faraday
1778,FAIZZENT
1779,Daniel Tawasil
1780,Erina Faye Leong
1781,Dina Aziz
1782,Aisywariyaa Devendran
1783,mohd salleh
1784,Fadhil Zabidi
1785,Adrina Lutpi
1786,Veeramah Steven
1787,Mas liana
1788,Alysha
1789,Shafarin Ezuan
1790,Lim
1791,Ainaelizza
1792,Md Mamun
1793,Nasuha Mohd
1794,Zaif Fakrul Dude
1795,Hazzrell 666
1796,Genji Serizawa
1797,Shahrul Danial
1798,Tasha hira
1799,KD SC
1800,Kesevan
1801,Cinta Hujan
1802,Hafizan Hafiz
1803,Afiq Safiuddin
1804,Pro Golf
1805,Dickie Goh Thien Hock
1806,Animmm Farhanim
1807,Halimah Yamin
1808,Dollah Ganes
1809,Mohd Zulazmi Basiran
1810,Ida Comey
1811,Akmal Hakimi
1812,বাবু খাইছো
1813,Hana Hana
1814,Badrin 1214
1815,Kang Ming Chua
1816,Fitri Azim
1817,Ashikin Sabri
1818,amir bin azhar
1819,المهندس رافد عاشور الأسدي
1820,Betuk Betuk
1821,Wanaady 1991
1822,Louis The Wolf
1823,Lchan
1824,NURMASTURA BINTI MARMAN
1825,MicroExc
1826,Hanafi Ahmad
1827,Puteri
1828,md kamrul islam
1829,cheng peimei
1830,Anusia Prabakaran
1831,Sa ra
1832,Mohamad Izwan Md Daud
1833,suhaimie port
1834,r4v3n 90gaming
1835,Fatihah Tya
1836,Helmy Daros
1837,Maisyarah 0059
1838,Lok W P
1839,Mu Sa Kh Jo
1840,Anwar Hamzah
1841,khairol azha
1842,Noor Azlina Zulkefli
1843,Ijad Aizad
1844,Ravinderjit Singh
1845,Vicky Riyaa
1846,Mohd Shahril Seliaman
1847,N Z
1848,Samsudin Sudin
1849,Faizal Ayob Faizal
1850,cog Sedie
1851,Santro Sondy
1852,Addin Jailani
1853,Khairul Nizam80
1854,Siti Mariam Atiq
1855,Azrin Affandy
1856,Centi Meter
1857,Fahmi Aiman
1858,ApihDIY Project
1859,Wira Ismail
1860,Shan Sharvin
1861,Mhdlqman 6561
1862,Eddie
1863,Llynn 773
1864,Mohamad azahar Azahar
1865,Asmaly Auni
1866,Rosli S
1867,Nordalila Borhanuddin
1868,Nanthini Devi
1869,Hasnita Musa
1870,Simi Li
1871,Kurnia Pem
1872,Nyan Saad
1873,Wei Kang Lee
1874,Syaa
1875,Yahaya Johari
1876,Ninana
1877,Hadibah Othman
1878,Zatil Rashid
1879,Tajul Muluk
1880,Jamli Drahman
1881,FOO CS
1882,Azlinah Azlinahabdulrashid
1883,सोम लोप्चन
1884,aurora emith
1885,Saraí
1886,Syafiq Hisham
1887,Mike G
1888,比尔LoopeyVinz
1889,Hafiz Leo
1890,Narita Mashito
1891,Mohd Rofzan Yong
1892,Junaidi Sjofjan
1893,KarLos 5203
1894,Hafiz Ariffin
1895,Chad Musker
1896,Naknak
1897,fana ana
1898,Mikko Suarlim
1899,Ketar Pakinsen Channel
1900,yus aries
1901,Anas Dhiya83
1902,Ahmad Azizi Mumamad
1903,nur ilham abdullah
1904,Aidiel Akashah
1905,Norazira Zira
1906,Muaz Mustakim
1907,pakai di mamesa
1908,Yop Azie
1909,Putera Muhaymin
1910,Raj Dorai
1911,zain ahmad
1912,Shaoran _lee
1913,Humaira Ashari
1914,Mohd fadli mohd rozali Mohd fadli
1915,Karen Trina Marie Lee
1916,Syafik Afik
1917,Razif -
1918,Sue
1919,chen khiam hyong
1920,Mona Mona
1921,Justin Cornelius
1922,farezatul natasya
1923,tay yin yin
1924,mohd najib
1925,Hisam Bonok
1926,Wan Bakri
1927,Tazri Tahir
1928,Dzulkiflee Zainal Abidin
1929,Mohd Hanifah Mohd Jamil
1930,Mohd Rizal
1931,Amer Iskandar
1932,Lady Zue
1933,vivo pangkor
1934,Melissa Wilson
1935,Muhammad Taufik Taufik
1936,Jaanu
1937,Giyu Tomioka
1938,MOGANRAJ RAJ
1939,Nuyu Hana
1940,Ahmad Amsari
1941,Desmond Khor
1942,Dilaaa
1943,Putera Izzan
1944,Arshardnia Nia
1945,George Pang
1946,Ripon Khan
1947,Muhammad Ruzaini Md Dom
1948,Sr Sakib
1949,Ken Wong
1950,yana diana
1951,Syafiq Apen
1952,Heidi Rachel
1953,Mohamad Shukri
1954,GOPAL MAJHI
1955,Parkavi Sakadivan
1956,anuar mohamad
1957,Xena Rayhana
1958,Muhd farid Rid corrie
1959,chairul jb Kim 79
1960,eshmi nishani
1961,Kamal Sarit
1962,DyaN Rashopia
1963,Hj Samiri
1964,Shuhardi Mohamed
1965,Mat Deris Muhamad Zin
1966,Deep Bhullar
1967,Wan Adzlan
1968,Muhammad Wildan Abdul Aziz
1969,Nicholas Tan (MR.M)
1970,nixston yunchoi
1971,Amilyne Lam
1972,Mohd Tarmizi Zakaria
1973,Snasb
1974,mohd zakir
1975,Ella Yan
1976,Sekoi Sengal
1977,Jang Jack
1978,abel kristian
1979,Kopi Kampung
1980,Bro Augustine
1981,Mohd Shukor
1982,Vijendran Vijay
1983,Ez Sky77
1984,Lithianic
1985,Daphne T
1986,Pakngah 76
1987,Lead Derx
1988,Ken Ng
1989,Nine Road
1990,Partha
1991,Paman Pajil
1992,Muhd Ryzz
1993,Bob Cipop
1994,mohana krishnan
1995,SSCLUB SUPER STAR
1996,Mohd Ali Imran
1997,saifulnizam mati isa
1998,Abdul Halim
1999,Jun Rong
2000,kagie mrz
2001,Istiakul Mue
2002,AJOX
2003,Quan Lin Lim
2004,Wendy Goh
2005,SNSyuhanis
2006,BAJA Ab
2007,May yee Yee
2008,SIEW LIN LING
2009,Mohd Kamal
2010,Shalina Mahmood
2011,Hafiz Mahmod
2012,Kannan Gopi
2013,Chow Mh
2014,jailani jusoh
2015,Sung Cheng Looh
2016,nurul iza
2017,Akira Lee
2018,acucomel70
2019,CC User
2020,Wella Nocalan
2021,James TMC
2022,Rayhan Rayhanud
2023,kong Delen
2024,Nazri Razak
2025,Nurul Farhana
2026,Medi Kogid
2027,Alex Aminous
2028,Chiew Boon Lou
2029,Goretti Gumas
2030,Rahman Rahim
2031,Zamree Othman
2032,Wilson Teo
2033,Mr.Athiren
2034,Eiznie Joe
2035,wan asmira
2036,Maxter 6062
2037,Issac Leong
2038,Abdulrazak Alimon
2039,AmmarHaziq MSH
2040,Chan Win Sern
2041,Putri aisha sofea
2042,Samsul Arifin
2043,Jefri Binalli
2044,Dj Jocky
2045,Amer Azlan
2046,J. Lim
2047,adeqshidah
2048,Hor Yap Cheong
2049,Ahmad Maliki Brahim
2050,Sasi Kala
2051,Zulkarnain Ismail (Jojoe)
2052,Inda Mahiya Ahmad
2053,Yana Amalina
2054,SYAN
2055,muhd asyraf
2056,Shasha Mizyru
2057,Samshiyah Abu Salleh
2058,MUHDFITRI
2059,Blue Note
2060,BJedd AJ
2061,Syamimi Mohd
2062,Nurul Aqilah Sapingi
2063,Nishaanthini Mohan
2064,Mayiknowuu0_0
2065,Rifhan Hakimi
2066,darshini ganesan
2067,Ram lal Dhakal
2068,Prakash Silvarajan
2069,Halimah Abrahman
2070,Kokoroko Hehehe
2071,Darren
2072,Amarjit kaur
2073,Idzham Shahrul (Tagasaki)
2074,Nadia Nanad
2075,Esrafil MD
2076,Anastasia Beverly
2077,Roslina Sabi
2078,anuar damit
2079,Akiff Cute23
2080,abahkojagung jagung
2081,Mohd Syafie Othman
2082,effen fn
2083,Nik Attirmidzy
2084,Norizan Khalil
2085,Ankolsrukz Tham
2086,Angel Nesh
2087,Norma Wati
2088,Mohamad Nasir
2089,Caning Alexis
2090,Ian Ken
2091,extercy x
2092,Syaz Rock
2093,mohd fazreen
2094,Norhazriati Abd sabar
2095,amelia rata
2096,Jack Santiago
2097,Alex Ng
2098,Suzainal Ariff
2099,Chetan Mk
2100,Unknown_C61
2101,Amani Shah
2102,Robecca Rewenski
2103,Essa Aime Edouard
2104,Cty CRA
2105,Selphie chua
2106,nyahgebu marina
2107,NRAMS14
2108,Chebasah Ahmad
2109,Zarina Kamal
2110,Atie Dyn
2111,JiMie
2112,Kaseh Gee
2113,fareez amir
2114,Brigid Theresa De Souza
2115,alif mubarak
2116,Muhammad Akil
2117,Meor Afsham Meor Wahiduddin
2118,MOHAMAD HASHIM
2119,Wan Alien
2120,Yang Tayib
2121,Rocky Nooh
2122,Najwa
2123,Norliza Abd Rahman
2124,Мафия
2125,Farid Nazarin
2126,Ricky Yii
2127,ASMIRUL ZAKARIA
2128,Nur Lyha
2129,vyy yusof
2130,Sarah Tan
2131,Zamri Musa
2132,Evelyne Untie
2133,Nur Sumaiyyah
2134,amir rosli
2135,Jof Lee
2136,Wong U Lii
2137,Rahul Chaudhary
2138,maxwell howell
2139,Nabz
2140,MinYi LMY
2141,Elly
2142,Qwertyuiop
2143,BM4 Haziqah Zalifah
2144,Jeremi Edi
2145,Gelveen Gill
2146,Farah Azley
2147,Angeline Ong
2148,03 AMNAH HAZAMI BINTI CHIK
2149,ZAHARULFARHAN ZAHARI
2150,Shahidan Othman
2151,Dar-Woei Lee
2152,Nyamuk Hutan
2153,PAN Tengin
2154,Niszao
2155,Mu IZ
2156,S&F Maju Juta
2157,Faiz
2158,Nabhanuddin Daud
2159,2Js Wn
2160,Badaruddin Bin Takon
2161,Kitty Rose
2162,PYC
2163,Safuan Kharudin
2164,Junainah Abdon
2165,arif joy
2166,Petrus Sumping
2167,Devforge
2168,ida baharom
2169,MOHD KHAIR BIN SERUBIH
2170,Khastury Letchumaniam
2171,syaiful bahri ideris
2172,Na Me
2173,Talk Tong
2174,NWT 5191
2175,DLE Siti Nas Azlina
2176,Shamini Dass
2177,mohd shahruddin sulaiman
2178,Shaza Sha
2179,Ismail Dolah
2180,Lionel
2181,Siti khazijah Aseng
2182,Sivasanggary Sanggary
2183,tan nelson
2184,ceclia irene
2185,im Said
2186,Elvira Vaisova-Noiraud
2187,Rajaletchumy Gunalan
2188,Chee Pei Hoon
2189,Saadiah Hamid
2190,Jeffrey KS Lum
2191,Muhammad Hafiz bin Yusoff
2192,Mirul 1032
2193,Ahmad Fauzi
2194,Anizawaty Bahrainuddin
2195,Wei Kok Wong
2196,Riko Luii
2197,Rebecca Kavitha
2198,Siddiq Khamaruddin
2199,FooZaa Is My Nama! VAPE.LIFE.STYLE
2200,Yt Cutie
2201,Mustafa Abd manaf
2202,Asher Fleischer
2203,Angie Nsh
2204,Y H
2205,Imman Farish
2206,Felicia Mala
2207,D Fab
2208,Andy Shukri
2209,Ammy Razali
2210,haffiz abdullah
2211,Faris
2212,MISS JURIAH
2213,Safwan Zulmar
2214,EMA Maju
2215,Yuan Wen Leong
2216,Raze 1776
2217,Kamal Rare
2218,Zairina Mohd Hariz
2219,siti zalikha
2220,Shariful Islam
2221,FifiSyikin Matusin
2222,Ontu Khan
2223,zaimah awish
2224,Fad Baha
2225,Prince Capit
2226,Fading Black
2227,naynay ninie81
2228,Davis Shem
2229,Tae Yang
2230,Ema Azman
2231,Sim Smart
2232,Romna Rosli
2233,ho juan heng
2234,B M_S
2235,Sebastian März
2236,Angeline Leong
2237,Izzuddin M Nasir
2238,Amieyra 1497
2239,Mohd Syahidan
2240,Mohamad Mursyidi
2241,Selene
2242,Shahrul Ikhwan
2243,Afdhal Tan
2244,Muhamad Zainuden
2245,Ketak Geng
2246,Henry “Raidou” Jaryuu
2247,Anndathy Arulantham
2248,iqoo67
2249,Vikneswaran Vik
2250,KK Ho
2251,sylvia
2252,sabri Pr
2253,Theba Sakaran
2254,MFB Blastworks
2255,Tieyra Tomieyru
2256,Teratai 44
2257,Myra Rahim
2258,Ree JC
2259,John Doo
2260,badrulsham mansor
2261,Norhisam Hassan
2262,Muhammad Ady
2263,Abdul Aziz Bin Azmi
2264,Zaki Wazir
2265,Meay Leng Ng
2266,Ridzuan Mohd ridzuan
2267,Lim Jia Shien
2268,Mr Ardudu
2269,Shamsudin Kadir
2270,Asfarahin Suliman
2271,Wenning
2272,Mohd Nazif Anuar
2273,Ling Soon Tan
2274,Raiko Lightning
2275,Bran
2276,Casandra 3630
2277,Mikxiedif
2278,Putri Dannise
2279,Zuaida Abdul Aziz
2280,Ery Suberi
2281,Angela Tarang
2282,Afiq Fairuz
2283,LXNDRZ
2284,id'ham offical
2285,Dani Danial
2286,MX_NY_WH
2287,Muhammad Izzah
2288,Mohd Fazli Arzeman
2289,Syazwani
2290,NorFa Hamz
2291,Mr Bear
2292,Izzad Sam
2293,azizul ali
2294,Ridzuan Wan
2295,Patrick Yap
2296,Narayan prasad Neupane
2297,Birendra Sharma
2298,Ester Dyanies
2299,dila_ aledruce
2300,Melz “Sive”
2301,Indira Menon
2302,Faizal Nasir
2303,muhammad imran
2304,izz
2305,hakeem kimi
2306,Faiz Habitullah
2307,md mizanur
2308,Syed mohd Firdaus
2309,Ronald John
2310,mmo dhai
2311,Shamsul Barhauddin
2312,Md Sohag Hossain
2313,Andy Reegan
2314,Jane. N Jane. N
2315,sndra Jasm
2316,Nurliyana “yayalowerd” zeliey
2317,Crystania Almeera
2318,shima59 Shima59
2319,Norhayati Shariff
2320,gfy 1
2321,Loo Wei Chuan
2322,Saiful Nizam Samri
2323,hanna sam
2324,Syahirah
2325,Triknight092 00
2326,Sir Edward
2327,Vinches Gubin
2328,Naqiu
2329,Muhammad izzuddin Hazali
2330,shah arniza
2331,Hassan Ahmad Turki
2332,Sheedy_alz@yahoo.com Sheedy
2333,Selvam Kanniah
2334,Shazlie Alie
2335,Eva Cloudia R.
2336,Sueillvindra Tangumoh
2337,Muhammad Shafie
2338,Revitha Gannasen
2339,Najmi
2340,raja mohamad firdaus
2341,redzuan muhamad
2342,Mr Khai Tv
2343,Fadzli is typing
2344,Chaw Rasta
2345,M. A. Ghani M. Khalis
2346,captain salazar
2347,putrinurhumaira
2348,aravind raj
2349,sphinx spiv
2350,Kueh Keng Phing
2351,Patrick Pandas
2352,raimi berhanudin
2353,Taris Jalio
2354,Da Plague
2355,Eddy Adlie Amshari
2356,Alif Aizat
2357,Suraya AR
2358,Muhammad Izzuddin Faiz Rofaie
2359,Yuki Onna
2360,Pejaa Yusoff
2361,Hima Dazou
2362,Rain Mamat
2363,simui koding
2364,Semut Lebah
2365,Silent Of Service community
2366,Farah Liyana
2367,Muhamad Faliq Mohamad Nazer
2368,Siti Zarina Kamarudin
2369,Mobile Jari
2370,Hazimah Nazirah
2371,MD Rashid
2372,SK TAN
2373,Mohamad Asrul Mustafar
2374,wan ibnul wan ismail
2375,Ton Hazard
2376,Liyana Bakar
2377,SAS
2378,Kocho Shinobu
2379,Mishalini
2380,Reynold Rodrigues
2381,KoRZoNk
2382,Mohamed Hanz
2383,qurratul aini
2384,jazri omar
2385,Haffan
2386,ieza afza
2387,Ravi Mahto
2388,Roong Jien Wong
2389,Firdaus Ibrahim
2390,Fawwaz Sulaiman
2391,SamSam
2392,Mohd Sahiedan
2393,Adib
2394,john jenin
